atomic_number,name,symbol,series,mass,mass_number,atomic_weight,electrons,description,,,,boiling_point,melting_point,density,atomic_radius
1,Hydrogen,H,Nonmetals,1.008,1,1.008,1,"Colourless, odourless gaseous chemical element. Lightest and most abundant element in the universe. Present in water and in all organic compounds. Chemically reacts with most elements. Discovered by Henry Cavendish in 1776.",,,,20.28,14.01,0.0708,25
2,Helium,He,Noble gases,4.002602,4,4.002602,2,"Colourless, odourless gaseous nonmetallic element. Belongs to group 18 of the periodic table. Lowest boiling point of all elements and can only be solidified under pressure. Chemically inert, no known compounds. Discovered in the solar spectrum in 1868 by Lockyer.",,,,4.216,0.95,0.147,120
3,Lithium,Li,Alkali metals,6.94,7,6.94,3,Socket silvery metal. First member of group 1 of the periodic table. Lithium salts are used in psychomedicine.,,,,1118.15,553.69,0.534,145
4,Beryllium,Be,Alkaline earth metals,9.0121831,9,9.0121831,4,Grey metallic element of group 2 of the periodic table. Is toxic and can cause severe lung diseases and dermatitis. Shows high covalent character. It was isolated independently by F. Wohler and A.A. Bussy in 1828.,,,,3243,1551,1.848,105
5,Boron,B,Metalloids,10.81,11,10.81,5,"An element of group 13 of the periodic table. There are two allotropes, amorphous boron(brown powder) and metallic boron(black). It is a bad conductor in room temperatures. It is never found free in nature. Boron-10 is used in nuclear reactor control rods and shields. It was discovered in 1808 by Sir Humphry Davy and by J.L. Gay-Lussac and L.J. Thenard.",,,,3931,2573,2.34,85
6,Carbon,C,Nonmetals,12.011,12,12.011,6,"Carbon is a member of group 14 of the periodic table. It has three allotropic forms of it, diamonds, graphite and fullerite. Carbon-14 is commonly used in radioactive dating. Carbon occurs in all organic life and is the basis of organic chemistry. Carbon has the interesting chemical property of being able to bond with itself, and a wide variety of other elements.",,,,5100,3820,2.25,70
7,Nitrogen,N,Nonmetals,14.007,14,14.007,7,"Colourless, gaseous element which belongs to group 15 of the periodic table. Constitutes ~78% of the atmosphere and is an essential part of the ecosystem. Nitrogen for industrial purposes is acquired by the fractional distillation of liquid air. Chemically inactive, reactive generally only at high temperatures or in electrical discharges. It was discovered in 1772 by D. Rutherford.",,,,77.4,63.29,0.808,65
8,Oxygen,O,Nonmetals,15.999,16,15.999,8,"A colourless, odourless gaseous element belonging to group 16 of the periodic table. It is the most abundant element present in the earth's crust. It also makes up 20.8% of the Earth's atmosphere. For industrial purposes, it is separated from liquid air by fractional distillation. It is used in high temperature welding, and in breathing. It commonly comes in the form of Oxygen, but is found as Ozone in the upper atmosphere. It was discovered by Priestley in 1774.",,,,90.19,54.8,1.149,60
9,Fluorine,F,Halogens,18.99840316,19,18.99840316,9,"A poisonous pale yellow gaseous element belonging to group 17 of the periodic table (The halogens). It is the most chemically reactive and electronegative element. It is highly dangerous, causing severe chemical burns on contact with flesh. Fluorine was identified by Scheele in 1771 and first isolated by Moissan in 1886.",,,,85.01,53.53,1.108,50
10,Neon,Ne,Noble gases,20.1797,20,20.1797,10,"Colourless gaseous element of group 18 on the periodic table (noble gases). Neon occurs in the atmosphere, and comprises 0.0018% of the volume of the atmosphere. It has a distinct reddish glow when used in discharge tubes and neon based lamps. It forms almost no chemical compounds. Neon was discovered in 1898 by Sir William Ramsey and M.W. Travers.",,,,27.1,48,1.204,160
11,Sodium,Na,Alkali metals,22.98976928,23,22.98976928,11,"Soft silvery reactive element belonging to group 1 of the periodic table (alkali metals). It is highly reactive, oxidizing in air and reacting violently with water, forcing it to be kept under oil. It was first isolated by Humphrey Davy in 1807.",,,,1156.1,370.96,0.971,180
12,Magnesium,Mg,Alkaline earth metals,24.305,24,24.305,12,"Silvery metallic element belonging to group 2 of the periodic table (alkaline-earth metals). It is essential for living organisms. Chemically very reactive, it forms a protective oxide coating when exposed to air and burns with an intense white flame. It also reacts with sulphur, nitrogen and the halogens. First isolated by Bussy in 1828.",,,,1363,922,1.738,150
13,Aluminium,Al,Poor metals,26.9815385,27,26.9815385,13,"Silvery-white lustrous metallic element of group 3 of the periodic table. Highly reactive but protected by a thin transparent layer of the oxide which quickly forms in air. There are many alloys of aluminum, as well as a good number of industrial uses. Makes up 8.1% of the Earth's crust, by weight. Isolated in 1825 by H.C. Oersted.",,,,2740,933.5,2.6989,125
14,Silicon,Si,Metalloids,28.085,28,28.085,14,"Metalloid element belonging to group 14 of the periodic table. It is the second most abundant element in the Earth's crust, making up 25.7% of it by weight. Chemically less reactive than carbon. First identified by Lavoisier in 1787.",,,,2628,1683,2.33,110
15,Phosphorus,P,Nonmetals,30.973762,31,30.973762,15,Non-metallic element belonging to group 15 of the periodic table. Has a multiple allotropic forms. Essential element for living organisms. It was discovered by Brandt in 1669.,,,,553,317.3,1.82,100
16,Sulfur,S,Nonmetals,32.06,32,32.06,16,"Yellow, nonmetallic element belonging to group 16 of the periodic table. It is an essential element in living organisms, needed in the amino acids cysteine and methionine, and hence in many proteins. Absorbed by plants from the soil as sulphate ion.",,,,717.824,386,2.07,100
17,Chlorine,Cl,Halogens,35.45,35,35.45,17,"Halogen element. Poisonous greenish-yellow gas. Occurs widely in nature as sodium chloride in seawater. Reacts directly with many elements and compounds, strong oxidizing agent. Discovered by Karl Scheele in 1774. Humphrey David confirmed it as an element in 1810.",,,,238.6,172.2,1.56,100
18,Argon,Ar,Noble gases,39.948,40,39.948,18,"Monatomic noble gas. Makes up 0.93% of the air. Colourless, odorless. Is inert and has no true compounds. Lord Rayleigh and Sir william Ramsey identified argon in 1894.",,,,87.3,83.8,1.4,71
19,Potassium,K,Alkali metals,39.0983,39,39.0983,19,"Soft silvery metallic element belonging to group 1 of the periodic table (alkali metals). Occurs naturally in seawater and a many minerals. Highly reactive, chemically, it resembles sodium in its behavior and compounds. Discovered by Sir Humphry Davy in 1807.",,,,1047,336.8,0.856,220
20,Calcium,Ca,Alkaline earth metals,40.078,40,40.078,20,"Soft grey metallic element belonging to group 2 of the periodic table. Used a reducing agent in the extraction of thorium, zirconium and uranium. Essential element for living organisms.",,,,1757,1112,1.55,180
21,Scandium,Sc,Transition metals,44.955908,45,44.955908,21,"Rare soft silvery metallic element belonging to group 3 of the periodic table. There are ten isotopes, nine of which are radioactive and have short half-lives. Predicted in 1869 by Mendeleev, isolated by Nilson in 1879.",,,,3104,1814,2.99,160
22,Titanium,Ti,Transition metals,47.867,48,47.867,22,"White metallic transition element. Occurs in numerous minerals. Used in strong, light corrosion-resistant alloys. Forms a passive oxide coating when exposed to air. First discovered by Gregor in 1789.",,,,3560,1933,4.54,140
23,Vanadium,V,Transition metals,50.9415,51,50.9415,23,"Soft and ductile, bright white metal. Good resistance to corrosion by alkalis, sulphuric and hydrochloric acid. It oxidizes readily about 933K. There are two naturally occurring isotopes of vanadium, and 5 radioisotopes, V-49 having the longest half-life at 337 days. Vanadium has nuclear applications, the foil is used in cladding titanium to steel, and vanadium-gallium tape is used to produce a superconductive magnet. Originally discovered by Andres Manuel del Rio of Mexico City in 1801. His discovery went unheeded, however, and in 1820, Nils Gabriel Sefstron of Sweden rediscovered it. Metallic vanadium was isolated by Henry Enfield Roscoe in 1867. The name vanadium comes from Vanadis, a goddess of Scandinavian mythology. Silvery-white metallic transition element. Vanadium is essential to Ascidians. Rats and chickens are also known to require it. Metal powder is a fire hazard, and vanadium compounds should be considered highly toxic. May cause lung cancer if inhaled.",,,,3650,2160,6.11,135
24,Chromium,Cr,Transition metals,51.9961,52,51.9961,24,Hard silvery transition element. Used in decorative electroplating. Discovered in 1797 by Vauquelin.,,,,2945,2130,7.18,140
25,Manganese,Mn,Transition metals,54.938044,55,54.938044,25,"Grey brittle metallic transition element. Rather electropositive, combines with some non-metals when heated. Discovered in 1774 by Scheele.",,,,2235,1517,7.21,140
26,Iron,Fe,Transition metals,55.845,56,55.845,26,"Silvery malleable and ductile metallic transition element. Has nine isotopes and is the fourth most abundant element in the earth's crust. Required by living organisms as a trace element (used in hemoglobin in humans.) Quite reactive, oxidizes in moist air, displaces hydrogen from dilute acids and combines with nonmetallic elements.",,,,3023,1808,7.874,140
27,Cobalt,Co,Transition metals,58.933194,59,58.933194,27,"Light grey transition element. Some meteorites contain small amounts of metallic cobalt. Generally alloyed for use. Mammals require small amounts of cobalt salts. Cobalt-60, an artificially produced radioactive isotope of Cobalt is an important radioactive tracer and cancer-treatment agent. Discovered by G. Brandt in 1737.",,,,3143,1768,8.9,135
28,Nickel,Ni,Transition metals,58.6934,58,58.6934,28,Malleable ductile silvery metallic transition element. Discovered by A.F. Cronstedt in 1751.,,,,3005,1726,8.902,135
29,Copper,Cu,Transition metals,63.546,63,63.546,29,"Red-brown transition element. Known by the Romans as 'cuprum.' Extracted and used for thousands of years. Malleable, ductile and an excellent conductor of heat and electricity. When in moist conditions, a greenish layer forms on the outside.",,,,2840,1356.6,8.96,135
30,Zinc,Zn,Transition metals,65.38,64,65.38,30,"Blue-white metallic element. Occurs in multiple compounds naturally. Five stable isotopes are six radioactive isotopes have been found. Chemically a reactive metal, combines with oxygen and other non-metals, reacts with dilute acids to release hydrogen.",,,,1180,692.73,7.133,135
31,Gallium,Ga,Poor metals,69.723,69,69.723,31,"Soft silvery metallic element, belongs to group 13 of the periodic table. The two stable isotopes are Ga-69 and Ga-71. Eight radioactive isotopes are known, all having short half-lives. Gallium Arsenide is used as a semiconductor. Corrodes most other metals by diffusing into their lattice. First identified by Francois Lecoq de Boisbaudran in 1875.",,,,2676,302.93,5.91,130
32,Germanium,Ge,Metalloids,72.63,74,72.63,32,"Lustrous hard metalloid element, belongs to group 14 of the periodic table. Forms a large number of organometallic compounds. Predicted by Mendeleev in 1871, it was actually found in 1886 by Winkler.",,,,3103,1210.6,5.323,125
33,Arsenic,As,Metalloids,74.921595,75,74.921595,33,"Metalloid element of group 15. There are three allotropes, yellow, black, and grey. Reacts with halogens, concentrated oxidizing acids and hot alkalis. Albertus Magnus is believed to have been the first to isolate the element in 1250.",,,,876,1090,5.73,115
34,Selenium,Se,Nonmetals,78.971,80,78.971,34,"Metalloid element, belongs to group 16 of the periodic table. Multiple allotropic forms exist. Chemically resembles sulphur. Discovered in 1817 by Jons J. Berzelius.",,,,958.1,490,4.79,115
35,Bromine,Br,Halogens,79.904,79,79.904,35,"Halogen element. Red volatile liquid at room temperature. Its reactivity is somewhere between chlorine and iodine. Harmful to human tissue in a liquid state, the vapour irritates eyes and throat. Discovered in 1826 by Antoine Balard.",,,,331.9,265.9,3.12,115
36,Krypton,Kr,Noble gases,83.798,84,83.798,36,"Colorless gaseous element, belongs to the noble gases. Occurs in the air, 0.0001% by volume. It can be extracted from liquid air by fractional distillation. Generally not isolated, but used with other inert gases in fluorescent lamps. Five natural isotopes, and five radioactive isotopes. Kr-85, the most stable radioactive isotope, has a half-life of 10.76 years and is produced in fission reactors. Practically inert, though known to form compounds with Fluorine.",,,,120.85,116.6,2.155,88
37,Rubidium,Rb,Alkali metals,85.4678,85,85.4678,37,"Soft silvery metallic element, belongs to group 1 of the periodic table. Rb-97, the naturally occurring isotope, is radioactive. It is highly reactive, with properties similar to other elements in group 1, like igniting spontaneously in air. Discovered spectroscopically in 1861 by W. Bunsen and G.R. Kirchoff.",,,,961,312.2,1.532,235
38,Strontium,Sr,Alkaline earth metals,87.62,88,87.62,38,"Soft yellowish metallic element, belongs to group 2 of the periodic table. Highly reactive chemically. Sr-90 is present in radioactive fallout and has a half-life of 28 years. Discovered in 1798 by Klaproth and Hope, isolated in 1808 by Humphry Davy.",,,,1657,1042,2.54,200
39,Yttrium,Y,Transition metals,88.90584,89,88.90584,39,"Silvery-grey metallic element of group 3 on the periodic table. Found in uranium ores. The only natural isotope is Y-89, there are 14 other artificial isotopes. Chemically resembles the lanthanoids. Stable in the air below 400 degrees, celsius. Discovered in 1828 by Friedrich Wohler.",,,,3611,1795,4.47,180
40,Zirconium,Zr,Transition metals,91.224,90,91.224,40,"Grey-white metallic transition element. Five natural isotopes and six radioactive isotopes are known. Used in nuclear reactors for a Neutron absorber. Discovered in 1789 by Martin Klaproth, isolated in 1824 by Berzelius.",,,,4650,2125,6.506,155
41,Niobium,Nb,Transition metals,92.90637,93,92.90637,41,"Soft, ductile grey-blue metallic transition element. Used in special steels and in welded joints to increase strength. Combines with halogens and oxidizes in air at 200 degrees celsius. Discovered by Charles Hatchett in 1801 and isolated by Blomstrand in 1864. Called Columbium originally.",,,,5015,2741,8.57,145
42,Molybdenum,Mo,Transition metals,95.95,98,95.95,42,"Silvery-white, hard metallic transition element. It is chemically unreactive and is not affected by most acids. It oxidizes at high temperatures. There are seven natural isotopes, and four radioisotopes, Mo-93 being the most stable with a half-life of 3500 years. Molybdenum is used in almost all high-strength steels, it has nuclear applications, and is a catalyst in petroleum refining. Discovered in 1778 by Carl Welhelm Scheele of Sweden. Impure metal was prepared in 1782 by Peter Jacob Hjelm. The name comes from the Greek word molybdos which means lead. Trace amounts of molybdenum are required for all known forms of life. All molybdenum compounds should be considered highly toxic, and will also cause severe birth defects.",,,,4885,2890,10.22,145
43,Technetium,Tc,Transition metals,97.90721,98,97.90721,43,"Radioactive metallic transition element. Can be detected in some stars and the fission products of uranium. First made by Perrier and Segre by bombarding molybdenum with deutrons, giving them Tc-97. Tc-99 is the most stable isotope with a half-life of 2.6*10^6 years. Sixteen isotopes are known. Organic technetium compounds are used in bone imaging. Chemical properties are intermediate between rhenium and manganese.",,,,5150,2445,11.5,135
44,Ruthenium,Ru,Transition metals,101.07,102,101.07,44,"Hard white metallic transition element. Found with platinum, used as a catalyst in some platinum alloys. Dissolves in fused alkalis, and is not attacked by acids. Reacts with halogens and oxygen at high temperatures. Isolated in 1844 by K.K. Klaus.",,,,4173,2583,12.41,130
45,Rhodium,Rh,Transition metals,102.9055,103,102.9055,45,"Silvery white metallic transition element. Found with platinum and used in some platinum alloys. Not attacked by acids, dissolves only in aqua regia. Discovered in 1803 by W.H. Wollaston.",,,,4000,2239,12.41,135
46,Palladium,Pd,Transition metals,106.42,106,106.42,46,Soft white ductile transition element. Found with some copper and nickel ores. Does not react with oxygen at normal temperatures. Dissolves slowly in hydrochloric acid. Discovered in 1803 by W.H. Wollaston.,,,,3413,1825,12.02,140
47,Silver,Ag,Transition metals,107.8682,107,107.8682,47,"White lustrous soft metallic transition element. Found in both its elemental form and in minerals. Used in jewellery, tableware and so on. Less reactive than silver, chemically.",,,,2485,1235.1,10.5,160
48,Cadmium,Cd,Transition metals,112.414,114,112.414,48,"Soft bluish metal belonging to group 12 of the periodic table. Extremely toxic even in low concentrations. Chemically similar to zinc, but lends itself to more complex compounds. Discovered in 1817 by F. Stromeyer.",,,,1038,594.1,8.65,155
49,Indium,In,Poor metals,114.818,115,114.818,49,"Soft silvery element belonging to group 13 of the periodic table. The most common natural isotope is In-115, which has a half-life of 6*10^4 years. Five other radioisotopes exist. Discovered in 1863 by Reich and Richter.",,,,2353,429.32,7.31,155
50,Tin,Sn,Poor metals,118.71,120,118.71,50,"Silvery malleable metallic element belonging to group 14 of the periodic table. Twenty-six isotopes are known, five of which are radioactive. Chemically reactive. Combines directly with chlorine and oxygen and displaces hydrogen from dilute acids.",,,,2543,505.1,7.31,145
51,Antimony,Sb,Metalloids,121.76,121,121.76,51,"Element of group 15. Multiple allotropic forms. The stable form of antimony is a blue-white metal. Yellow and black antimony are unstable non-metals. Used in flame-proofing, paints, ceramics, enamels, and rubber. Attacked by oxidizing acids and halogens. First reported by Tholden in 1450.",,,,1908,903.9,6.691,145
52,Tellurium,Te,Metalloids,127.6,130,127.6,52,"Silvery metalloid element of group 16. Eight natural isotopes, nine radioactive isotopes. Used in semiconductors and to a degree in some steels. Chemistry is similar to Sulphur. Discovered in 1782 by Franz Miller.",,,,1263,722.7,6.24,140
53,Iodine,I,Halogens,126.90447,127,126.90447,53,"Dark violet nonmetallic element, belongs to group 17 of the periodic table. Insoluble in water. Required as a trace element for living organisms. One stable isotope, I-127 exists, in addition to fourteen radioactive isotopes. Chemically the least reactive of the halogens, and the most electropositive metallic halogen. Discovered in 1812 by Courtois.",,,,457.5,386.7,4.93,140
54,Xenon,Xe,Noble gases,131.293,132,131.293,54,"Colourless, odourless gas belonging to group 18 on the periodic table (the noble gases.) Nine natural isotopes and seven radioactive isotopes are known. Xenon was part of the first noble-gas compound synthesized. Several others involving Xenon have been found since then. Xenon was discovered by Ramsey and Travers in 1898.",,,,166.1,161.3,3.52,216
55,Cesium,Cs,Alkali metals,132.905452,133,132.905452,55,"Soft silvery-white metallic element belonging to group 1 of the periodic table. One of the three metals which are liquid at room temperature. Cs-133 is the natural, and only stable, isotope. Fifteen other radioisotopes exist. Caesium hydroxide is the strongest base known. Caesium is the most electropositive, most alkaline and has the least ionization potential. Used in the basis of atomic clocks, catalyst for the hydrogenation of organic compounds, and in photoelectric cells. Caesium was discovered by Gustav Kirchoff and Robert Bunsen in Germany in 1860 spectroscopically.The name comes from the latin word caesius, which means sky blue.",,,,951.6,301.6,1.873,260
56,Barium,Ba,Alkaline earth metals,137.327,138,137.327,56,"Silvery-white reactive element, belonging to group 2 of the periodic table. Soluble barium compounds are extremely poisonous. Identified in 1774 by Karl Scheele and extracted in 1808 by Humphry Davy.",,,,1910,1002,3.5,215
57,Lanthanum,La,Lanthanides,138.90547,139,138.90547,57,"(From the Greek word lanthanein, to line hidden) Silvery metallic element belonging to group 3 of the periodic table and oft considered to be one of the lanthanoids. Twenty-five natural isotopes exist. La-139 which is stable, and La-138( half-life of 10^10 to 10^15 years). The other twenty-three isotopes are radioactive. It resembles the lanthanoids chemically. Lanthanum has a low to moderate level of toxicity.  Discovered in 1839 by C.G. Mosander.",,,,3730,1194,6.15,195
58,Cerium,Ce,Lanthanides,140.116,140,140.116,58,"Silvery metallic element, belongs to the lanthanoids. Four natural isotopes exist, and fifteen radioactive isotopes have been identified. Used in some rare-earth alloys. The oxidized form is used in the glass industry. Discovered by Martin .H. Klaproth in 1803.",,,,3699,1072,6.757,185
59,Praseodymium,Pr,Lanthanides,140.90766,141,140.90766,59,"Soft silvery metallic element, belongs to the lanthanoids. Only natural isotope is Pr-141 which is not radioactive. Fourteen radioactive isotopes have been artificially produced. Used in rare-earth alloys. Discovered in 1885 by C.A. von Welsbach.",,,,3785,1204,6.773,185
60,Neodymium,Nd,Lanthanides,144.242,142,144.242,60,"Soft bright silvery metallic element, belongs to the lanthanoids. Seven natural isotopes, Nd-144 being the only radioactive one(half-life of 10^10 to 10^15 years). Six artificial radioisotopes have been produced. The metal is used in glass works to color class a shade of violet-purple and make it dichroic. Neodymium is used in permanent magnets (Nd2Fe14B). Discovered by Carl F. Auer von Welsbach in Austria in 1885. The name comes from the Greek words 'neos didymos' which means 'new twin'. Neodymium should be considered highly toxic.",,,,3341,1294,7.007,185
61,Promethium,Pm,Lanthanides,144.91276,145,144.91276,61,"Soft silvery metallic element, belongs to the lanthanoids. Pm-147, the only natural isotope, is radioactive and has a half-life of 252 years. Eighteen radioisotopes have been produced, but all have very short half-lives. Found only in nuclear decay waste. Pm-147 is of interest as a beta-decay source, however Pm-146 and Pm-148 have to be removed from it first, as they generate gamma radiation. Discovered by J.A. Marinsky, L.E. Glendenin and C.D. Coryell in 1947.",,,,3000,1441,7.2,185
62,Samarium,Sm,Lanthanides,150.36,152,150.36,62,"Soft silvery metallic element, belongs to the lanthanoids. Seven natural isotopes, Sm-147 is the only radioisotope, and has a half-life of 2.5*10^11 years. Used for making special alloys needed in the production of nuclear reactors. Also used as a neutron absorber. Small quantities of samarium oxide is used in special optical glasses. The largest use of the element is its ferromagnetic alloy which produces permanent magnets that are five times stronger than magnets produced by any other material. Discovered by Francois Lecoq de Boisbaudran in 1879.",,,,2064,1350,7.52,185
63,Europium,Eu,Lanthanides,151.964,153,151.964,63,"Soft silvery metallic element belonging to the lanthanoids. Eu-151 and Eu-153 are the only two stable isotopes, both of which are Neutron absorbers. Discovered in 1889 by Sir William Crookes.",,,,1870,1095,5.243,185
64,Gadolinium,Gd,Lanthanides,157.25,158,157.25,64,"Soft silvery metallic element belonging to the lanthanoids. Seven natural, stable isotopes are known in addition to eleven artificial isotopes. Gd-155 and Gd-157 and the best neutron absorbers of all elements. Gadolinium compounds are used in electronics. Discovered by J.C.G Marignac in 1880.",,,,3539,1586,7.9,180
65,Terbium,Tb,Lanthanides,158.92535,159,158.92535,65,"Silvery metallic element belonging to the lanthanoids. Tb-159 is the only stable isotope, there are seventeen artificial isotopes. Discovered by G.G. Mosander in 1843.",,,,3296,1629,8.229,175
66,Dysprosium,Dy,Lanthanides,162.5,164,162.5,66,"Metallic with a bright silvery-white lustre. Dysprosium belongs to the lanthanoids. It is relatively stable in air at room temperatures, it will however dissolve in mineral acids, evolving hydrogen. It is found in from rare-earth minerals. There are seven natural isotopes of dysprosium, and eight radioisotopes, Dy-154 being the most stable with a half-life of 3*10^6 years. Dysprosium is used as a neutron absorber in nuclear fission reactions, and in compact disks. It was discovered by Paul Emile Lecoq de Boisbaudran in 1886 in France. Its name comes from the Greek word dysprositos, which means hard to obtain.",,,,2835,1685,8.55,175
67,Holmium,Ho,Lanthanides,164.93033,165,164.93033,67,"Relatively soft and malleable silvery-white metallic element, which is stable in dry air at room temperature. It oxidizes in moist air and at high temperatures. It belongs to the lanthanoids. A rare-earth metal, it is found in the minerals monazite and gadolinite. It possesses unusual magnetic properties. One natural isotope, Ho-165 exists, six radioisotopes exist, the most stable being Ho-163 (half-life of 4570 years). Holmium is said to stimulate the metabolism. Discovered by Per Theodor Cleve and J.L. Soret in Switzerland in 1879. The name homium comes from the Greek word Holmia which means Sweden.",,,,2968,1747,8.795,175
68,Erbium,Er,Lanthanides,167.259,166,167.259,68,Soft silvery metallic element which belongs to the lanthanoids. Six natural isotopes that are stable. Twelve artificial isotopes are known. Used in nuclear technology as a neutron absorber. It is being investigated for other possible uses. Discovered by Carl G. Mosander in 1843.,,,,3136,1802,9.06,175
69,Thulium,Tm,Lanthanides,168.93422,169,168.93422,69,"Soft grey metallic element that belongs to the lanthanoids. One natural isotope exists, Tm-169, and seventeen artificial isotopes have been produced. No known uses for the element. Discovered in 1879 by Per Theodor Cleve.",,,,2220,1818,9.321,175
70,Ytterbium,Yb,Lanthanides,173.045,174,173.045,70,Silvery metallic element of the lanthanoids. Seven natural isotopes and ten artificial isotopes are known. Used in certain steels. Discovered by J.D.G. Marignac in 1878.,,,,1466,1097,6.9654,175
71,Lutetium,Lu,Lanthanides,174.9668,175,174.9668,71,"Silvery-white rare-earth metal which is relatively stable in air. It happens to be the most expensive rare-earth metal. Its found with almost all rare-earth metals, but is very difficult to separate from other elements. Least abundant of all natural elements. Used in metal alloys, and as a catalyst. There are two natural, stable isotopes, and seven radioisotopes, the most stable being Lu-174(half-life of 3.3 years). The name comes from the Greek word lutetia which means Paris.",,,,3668,1936,9.8404,175
72,Hafnium,Hf,Transition metals,178.49,180,178.49,72,"Silvery lustrous metallic transition element. Used in tungsten alloys in filaments and electrodes, also acts as a neutron absorber. First reported by Urbain in 1911, existence was finally established in 1923 by D. Coster, G.C. de Hevesy in 1923.",,,,5470,2503,13.31,155
73,Tantalum,Ta,Transition metals,180.94788,181,180.94788,73,"Heavy blue-grey metallic transition element. Ta-181 is a stable isotope, and Ta-180 is a radioactive isotope, with a half-life in excess of 10^7 years. Used in surgery as it is unreactive. Forms a passive oxide layer in air. Identified in 1802 by Ekeberg and isolated in 1820 by Jons J. Berzelius.",,,,5698,3269,16.654,145
74,Tungsten,W,Transition metals,183.84,184,183.84,74,"White or grey metallic transition element,formerly called Wolfram. Forms a protective oxide in air and can be oxidized at high temperature. First isolated by Jose and Fausto de Elhuyer in 1783.",,,,5930,3680,19.3,135
75,Rhenium,Re,Transition metals,186.207,187,186.207,75,Silvery-white metallic transition element. Obtained as a by-product of molybdenum refinement. Rhenium-molybdenum alloys are superconducting.,,,,5900,3453,21.02,135
76,Osmium,Os,Transition metals,190.23,192,190.23,76,Hard blue-white metallic transition element. Found with platinum and used in some alloys with platinum and iridium.,,,,5300,3327,22.57,130
77,Iridium,Ir,Transition metals,192.217,193,192.217,77,"Very hard and brittle, silvery metallic transition element. It has a yellowish cast to it. Salts of iridium are highly colored. It is the most corrosion resistant metal known, not attacked by any acid, but is attacked by molten salts. There are two natural isotopes of iridium, and 4 radioisotopes, the most stable being Ir-192 with a half-life of 73.83 days. Ir-192 decays into Platinum, while the other radioisotopes decay into Osmium. Iridium is used in high temperature apparatus, electrical contacts, and as a hardening agent for platinumpy. Discovered in 1803 by Smithson Tennant in England. The name comes from the Greek word iris, which means rainbow. Iridium metal is generally non-toxic due to its relative unreactivity, but iridium compounds should be considered highly toxic.",,,,4403,2683,22.42,135
78,Platinum,Pt,Transition metals,195.084,195,195.084,78,"Attractive greyish-white metal. When pure, it is malleable and ductile. Does not oxidize in air, insoluble in hydrochloric and nitric acid. Corroded by halogens, cyandies, sulphur and alkalis. Hydrogen and Oxygen react explosively in the presence of platinumpy. There are six stable isotopes and three radioisotopes, the most stable being Pt-193 with a half-life of 60 years. Platinum is used in jewelry, laboratory equipment, electrical contacts, dentistry, and anti-pollution devices in cars.  Platinum metal is generally not a health concern due to its unreactivity, however platinum compounds should be considered highly toxic.",,,,4100,2045,21.45,135
79,Gold,Au,Transition metals,196.966569,197,196.966569,79,"Gold is gold colored. It is the most malleable and ductile metal known. There is only one stable isotope of gold, and five radioisotopes of gold, Au-195 being the most stable with a half-life of 186 days. Gold is used as a monetary standard, in jewelry, dentistry, electronics. Au-198 is used in treating cancer and some other medical conditions. Gold has been known to exist as far back as 2600 BC. Gold comes from the Anglo-Saxon word gold. Its symbol, Au, comes from the Latin word aurum, which means gold. Gold is not particularly toxic, however it is known to cause damage to the liver and kidneys in some.",,,,3080,1337.58,19.3,135
80,Mercury,Hg,Transition metals,200.592,202,200.592,80,"Heavy silvery liquid metallic element, belongs to the zinc group. Used in thermometers, barometers and other scientific apparatus. Less reactive than zinc and cadmium, does not displace hydrogen from acids. Forms a number of complexes and organomercury compounds.",,,,629.73,234.28,13.546,150
81,Thallium,Tl,Poor metals,204.38,205,204.38,81,"Pure, unreacted thallium appears silvery-white and exhibits a metallic lustre. Upon reacting with air, it begins to turn bluish-grey and looks like lead. It is very malleable, and can be cut with a knife. There are two stable isotopes, and four radioisotopes, Tl-204 being the most stable(half-life of 3.78 years). Thallium sulphate was used as a rodenticide. Discovered by Sir William Crookes via spectroscopy. Its name comes from the Greek word thallos, which means green twig. It's compounds are toxic and can cause cancer.",,,,1730,576.6,11.85,190
82,Lead,Pb,Poor metals,207.2,208,207.2,82,"Heavy dull grey ductile metallic element, belongs to group 14. Used in building construction, lead-place accumulators, bullets and shot, and is part of solder, pewter, bearing metals, type metals and fusible alloys.",,,,2013,600.65,11.35,180
83,Bismuth,Bi,Poor metals,208.9804,209,208.9804,83,"White crystalline metal with a pink tinge, belongs to group 15. Most diamagnetic of all metals and has the lowest thermal conductivity of all the elements except mercury. Lead-free bismuth compounds are used in cosmetics and medical procedures. Burns in the air and produces a blue flame. In 1753, C.G. Junine first demonstrated that it was different from lead.",,,,1883,544.5,9.747,160
84,Polonium,Po,Metalloids,209,208,209,84,"Rare radioactive metallic element, belongs to group 16 of the periodic table. Over 30 known isotopes exist, the most of all elements. Po-209 has a half-life of 103 years. Possible uses in heating spacecraft. Discovered by Marie Curie in 1898 in a sample of pitchblende.",,,,1235,527,9.32,190
85,Astatine,At,Halogens,210,210,210,85,"Radioactive halogen element. Occurs naturally from uranium and thorium decay. At least 20 known isotopes. At-210, the most stable, has a half-life of 8.3 hours. Synthesized by nuclear bombardment in 1940 by D.R. Corson, K.R. MacKenzie and E. Segre at the University of California.",,,,610,575,6.35,216
86,Radon,Rn,Noble gases,222,210,222,86,"Colorless radioactive gaseous element, belongs to the noble gases. Of the twenty known isotopes, the most stable is Rn-222 with a half-life of 3.8 days. Formed by the radioactive decay of Radium-226. Radon itself decays into Polonium. Used in radiotherapy. First isolated in 1908 by Ramsey and Gray.",,,,211.4,202,4.4,200
87,Francium,Fr,Alkali metals,223,212,223,87,"Radioactive element, belongs to group 1 of the periodic table. Found in uranium and thorium ores. The 22 known isotopes are all radioactive, with the most stable being Fr-223. Its existence was confirmed in 1939 by Marguerite Perey.",,,,950,300,2.48,348
88,Radium,Ra,Alkaline earth metals,226,226,226,88,"Radioactive metallic transuranic element, belongs to group 2 of the periodic table. Most stable isotope, Ra-226 has a half-life of 1602 years, which decays into radon. Isolated from pitchblende in 1898 Marie and Pierre Curie.",,,,1413,973,5.5,215
89,Actinium,Ac,Actinides,227,225,227,89,"Silvery radioactive metallic element, belongs to group 3 of the periodic table. The most stable isotope, Ac-227, has a half-life of 217 years. Ac-228 (half-life of 6.13 hours) also occurs in nature. There are 22 other artificial isotopes, all radioactive and having very short half-lives. Chemistry similar to lanthanumpy. Used as a source of alpha particles. Discovered by A. Debierne in 1899.",,,,3470,1320,10.07,195
90,Thorium,Th,Actinides,232.0377,232,232.0377,90,"Grey radioactive metallic element. Belongs to actinoids. Found in monazite sand in Brazil, India and the US. Thorium-232 has a half-life of 1.39x10^10 years. Can be used as a nuclear fuel for breeder reactors. Thorium-232 captures slow Neutrons and breeds uranium-233. Discovered by Jons J. Berzelius in 1829.",,,,5060,2028,11.78,180
91,Protactinium,Pa,Actinides,231.03588,231,231.03588,91,"Radioactive metallic element, belongs to the actinoids. The most stable isotope, Pa-231 has a half-life of 2.43*10^4 years. At least 10 other radioactive isotopes are known. No practical applications are known. Discovered in 1917 by Lise Meitner and Otto Hahn.",,,,4300,2113,15.37,180
92,Uranium,U,Actinides,238.02891,238,238.02891,92,"White radioactive metallic element belonging to the actinoids. Three natural isotopes, U-238, U-235 and U-234. Uranium-235 is used as the fuel for nuclear reactors and weapons. Discovered by Martin H. Klaproth in 1789.",,,,4018,1405.5,19.05,175
93,Neptunium,Np,Actinides,237,236,237,93,"Radioactive metallic transuranic element, belongs to the actinoids. Np-237, the most stable isotope, has a half-life of 2.2*10^6 years and is a by product of nuclear reactors. The other known isotopes have mass numbers 229 through 236, and 238 through 241. Np-236 has a half-life of 5*10^3 years. First produced by Edwin M. McMillan and P.H. Abelson in 1940.",,,,4175,913,20.25,175
94,Plutonium,Pu,Actinides,244,238,244,94,"Dense silvery radioactive metallic transuranic element, belongs to the actinoids. Pu-244 is the most stable isotope with a half-life of 7.6*10^7 years. Thirteen isotopes are known. Pu-239 is the most important, it undergoes nuclear fission with slow neutrons and is hence important to nuclear weapons and reactors. Plutonium production is monitored down to the gram to prevent military misuse. First produced by Gleen T. Seaborg, Edwin M. McMillan, J.W. Kennedy and A.C. Wahl in 1940.",,,,3505,914,19.84,175
95,Americium,Am,Actinides,243,241,243,95,"Radioactive metallic transuranic element, belongs to the actinoids. Ten known isotopes. Am-243 is the most stable isotope, with a half-life of 7.95*10^3 years. Discovered by Glenn T. Seaborg and associates in 1945, it was obtained by bombarding Uranium-238 with alpha particles.",,,,2880,1267,13.67,175
96,Curium,Cm,Actinides,247,243,247,96,"Radioactive metallic transuranic element. Belongs to actinoid series. Nine known isotopes, Cm-247 has a half-life of 1.64*10^7 years. First identified by Glenn T. Seaborg and associates in 1944, first produced by L.B. Werner and I. Perlman in 1947 by bombarding americium-241 with Neutrons. Named for Marie Curie.",,,,3383,1613,13.51,200
97,Berkelium,Bk,Actinides,247,247,247,97,"Radioactive metallic transuranic element. Belongs to actinoid series. Eight known isotopes, the most common Bk-247, has a half-life of 1.4*10^3 years. First produced by Glenn T. Seaborg and associates in 1949 by bombarding americium-241 with alpha particles.",,,,3173,1259.2,13.25,200
98,Californium,Cf,Actinides,251,249,251,98,"Radioactive metallic transuranic element. Belongs to actinoid series. Cf-251 has a half life of about 700 years. Nine isotopes are known. Cf-252 is an intense Neutron source,  gives it a use in Neutron activation analysis and a possible use as a radiation source in medicine. First produced by Glenn T. Seaborg and associates in 1950.",,,,1743,1173,15.1,200
99,Einsteinium,Es,Actinides,252,252,252,99,Appearance is unknown. Radioactive metallic transuranic element belonging to the actinoids. Es-254 has the longest half-life of the eleven known isotopes at 270 days. First identified by Albert Ghiorso and associates in the debris of the 1952 hydrogen bomb explosion.,,,,1269,1133,8.84,200
100,Fermium,Fm,Actinides,257,253,257,100,"Radioactive metallic transuranic element, belongs to the actinoids. Ten known isotopes, most stable is Fm-257 with a half-life of 10 days. First identified by Albert Ghiorso and associates in the debris of the first hydrogen-bomb explosion in 1952.",,,,none,1800,9.7,200
101,Mendelevium,Md,Actinides,258,258,258,101,"Radioactive metallic transuranic element. Belongs to the actinoid series. Only known isotope, Md-256 has a half-life of 1.3 hours. First identified by Glenn T. Seaborg, Albert Ghiorso and associates in 1955. Alternative name Unnilunium has been proposed. Named after the 'inventor' of the periodic table, Dmitri Mendeleev.",,,,none,1100,10.3,200
102,Nobelium,No,Actinides,259,255,259,102,"Radioactive metallic transuranic element, belongs to the actinoids. Seven known isotopes exist, the most stable being No-254 with a half-life of 255 seconds. First identified with certainty by Albert Ghiorso and Glenn T. Seaborg in 1966. Unnilbium has been proposed as an alternative name.",,,,none,1100,9.9,200
103,Lawrencium,Lr,Actinides,262,261,262,103,"It is most likely silvery-white or grey and metallic. Lawrencium is a synthetic rare-earth metal. There are eight known radioisotopes, the most stable being Lr-262 with a half-life of 3.6 hours. Due to the short half-life of lawrencium, and its radioactivity, there are no known uses for it. Identified by Albert Ghiorso in 1961 at Berkeley. It was produced by bombarding californium with boron ions.",,,,none,1900,16,200
104,Rutherfordium,Rf,Transition metals,267,265,267,104,Radioactive transactinide element. Expected to have similar chemical properties to those displayed by hafnium. Rf-260 was discovered by the Joint Nuclear Research Institute at Dubna (U.S.S.R.) in 1964. Researchers at Berkeley discovered Unq-257 and Unq-258 in 1964.,,,,5800,2400,23.2,200
105,Dubnium,Db,Transition metals,268,268,268,105,"Also known as Hahnium, Ha. Radioactive transactinide element. Half-life of 1.6s. Discovered in 1970 by Berkeley researchers. So far, seven isotopes have been discovered.",,,,none,none,29,200
106,Seaborgium,Sg,Transition metals,271,269,271,106,Half-life of 0.9 +/- 0.2 s. Discovered by the Joint Institute for Nuclear Research at Dubna (U.S.S.R.) in June of 1974. Its existence was confirmed by the Lawrence Berkeley Laboratory and Livermore National Laboratory in September of 1974.,,,,none,none,35,200
107,Bohrium,Bh,Transition metals,274,270,274,107,Radioactive transition metal. Half-life of approximately 1/500 s. Discovered by the Joint Institute for Nuclear Research at Dubna (U.S.S.R.) in 1976. Confirmed by West German physicists at the Heavy Ion Research Laboratory at Darmstadt.,,,,none,none,37.1,200
108,Hassium,Hs,Transition metals,269,269,269,108,Radioactive transition metal first synthesized in 1984 by a German research team led by Peter Armbruster and Gottfried Muenzenberg at the Institute for Heavy Ion Research at Darmstadt.,,,,none,none,41,200
109,Meitnerium,Mt,Transition metals,276,276,276,109,"Half-life of approximately 5 ms. The creation of this element demonstrated that fusion techniques could indeed be used to make new, heavy nuclei. Made and identified by physicists of the Heavy Ion Research Laboratory, Darmstadt, West Germany in 1982. Named in honor of Lise Meitner, the Austrian physicist.",,,,none,none,37.4,200
110,Darmstadtium,Ds,Transition metals,281,280,281,110,Extremely radioactive syhtnetic element. Half life of 12.7 seconds. Most stable isotope is Darmstatium-281. Mostly used in research,,,,none,none,34.8,132
111,Roentgenium,Rg,Transition metals,281,281,281,111,"Not found in nature, highly radioactive syntehtic element",,,,none,none,28.7,138
112,Copernicium,Cn,Transition metals,285,283,285,112,"Synthetic chemical element, most stable isotope is Copernicium-285 with a half life of 28 seconds",,,,340,283,14,147
113,Nihonium,Nh,Poor metals,286,285,286,113,"It is expected to be solid at room temperature, extremely radioactive element. Most stable Isotope is 286 Nh with a half life of 20 seconds",,,,1430,700,16,170
114,Flerovium,Fl,Poor metals,289,287,289,114,"Superheavy artificial element, radioactive and synthetic ",,,,210,340,14,160
115,Moscovium,Mc,Poor metals,288,288,288,115,Made only for scientific study main use includes making nihonium,,,,1400,670,13.5,187
116,Livermorium,Lv,Poor metals,293,291,293,116,Extremely radioactive. Not found in nature. It is considered to be the smelliest element,,,,1135,780,12.9,183
117,Tennessine,Ts,Halogens,294,293,294,117,"Artificially made, expected to be solid. It is still being investigated",,,,883,823,7.3,138
118,Oganesson,Og,Noble gases,294,294,294,118,"Synthetic chemical element, most stable isotope is Oganesson-294 with a half life of 0.89 seconds. It decays into Livermorium through alpha decay",,,,350,320,5.1,152
